ASB,CVE,area,component,subcomponent,patch_level,android_id,type,severity,aosp_versions,patch_links,patch_files,vendor,references,tech_details,fix_details,notes,affected_silicon,cts_test,prior_patch_levels
2018-08,CVE-2017-8261,Kernel,Qualcomm components,Camera driver,N/A,A-35139833,EoP,Moderate,N/A,N/A,N/A,Qualcomm,QC-CR#2013631,"The vulnerability is in the msm_buf_mngr_subdev_ioctl function of msm_generic_buf_mgr.c. The specific flaw is that in the MSM_CAMERA_BUF_MNGR_IOCTL_ID_GET_BUF_BY_IDX handler, a pointer was being taken from user provided data, resulting in kernel memory corruption.",The fix is designed to no longer use user provided data as a write pointer.,N/A,N/A,N/A,N/A
2018-08,CVE-2017-9711,Kernel,Qualcomm components,IPA,N/A,A-36367253,EoP,Moderate,N/A,N/A,N/A,Qualcomm,QC-CR#2046006,"In ipa_wwan_ioctl and ipa3_wwan_ioctl of rmnet_ipa.c, there is a possible bypass of privileged ioctl filtering due to a missing permission check. This could lead to local escalation of privilege with no additional execution privileges needed. User interaction is not needed for exploitation.",The fix is designed to add a permission check.,N/A,N/A,N/A,N/A
2018-08,CVE-2018-9461,Platform,System,AOSP Messages,N/A,A-37629504,ID,Moderate,"6.0,6.0.1,7.0,7.1.1,7.1.2,8.0,8.1",N/A,"patches/android-6.0.0_r1/platform/packages/apps/Messaging/0001-RESTRICT-AUTOMERGE-Messaging-ignores-file-URIs-shared-via-i.bulletin.patch,patches/android-6.0.1_r20/platform/packages/apps/Messaging/0001-RESTRICT-AUTOMERGE-Messaging-ignores-file-URIs-shared-via-i.bulletin.patch,patches/android-7.0.0_r1/platform/packages/apps/Messaging/0001-Messaging-ignores-file-URIs-shared-via-intent.bulletin.patch,patches/android-7.1.1_r4/platform/packages/apps/Messaging/0001-Messaging-ignores-file-URIs-shared-via-intent.bulletin.patch,patches/android-7.1.2_r5/platform/packages/apps/Messaging/0001-Messaging-ignores-file-URIs-shared-via-intent.bulletin.patch,patches/android-8.0.0_r1/platform/packages/apps/Messaging/0001-Messaging-ignores-file-URIs-shared-via-intent.bulletin.patch,patches/android-8.1.0_r1/platform/packages/apps/Messaging/0001-Messaging-ignores-file-URIs-shared-via-intent.bulletin.patch",N/A,N/A,"In onAttachFragment of ShareIntentActivity.java, there is a possible permissions bypass due to a confused deputy. This could lead to local information disclosure reading from files that the AOSP Messenger has access to with no additional execution privileges needed. User interaction is not needed for exploitation.",The fix is designed to prevent sending using file URIs.,N/A,N/A,N/A,N/A
2018-08,CVE-2017-18310,Kernel,Qualcomm closed-source components,SMCInvoke,2018-08-05,A-62211308,N/A,Critical,N/A,N/A,N/A,Qualcomm,QC-CR#2012888,N/A,N/A,Qualcomm AMSS bulletin: May 2017,N/A,N/A,N/A
2018-08,CVE-2017-13295,Platform,Update: Framework,PackageInstaller,N/A,A-62537081,DoS,Moderate,"6.0,6.0.1,7.0,7.1.1,7.1.2,8.0,8.1",N/A,"patches/android-6.0.0_r1/platform/packages/apps/PackageInstaller/0001-RESTRICT-AUTOMERGE-Always-use-safe-labels.bulletin.patch,patches/android-6.0.1_r20/platform/packages/apps/PackageInstaller/0001-RESTRICT-AUTOMERGE-Always-use-safe-labels.bulletin.patch,patches/android-7.0.0_r1/platform/frameworks/base/0001-Make-safe-label-more-safe.bulletin.patch,patches/android-7.0.0_r1/platform/packages/apps/PackageInstaller/0001-RESTRICT-AUTOMERGE-Always-use-safe-labels.bulletin.patch,patches/android-7.1.1_r4/platform/frameworks/base/0001-Make-safe-label-more-safe.bulletin.patch,patches/android-7.1.1_r4/platform/packages/apps/PackageInstaller/0001-RESTRICT-AUTOMERGE-Always-use-safe-labels.bulletin.patch,patches/android-7.1.2_r5/platform/frameworks/base/0001-Make-safe-label-more-safe.bulletin.patch,patches/android-7.1.2_r5/platform/packages/apps/PackageInstaller/0001-RESTRICT-AUTOMERGE-Always-use-safe-labels.bulletin.patch,patches/android-8.0.0_r1/platform/frameworks/base/0001-Make-safe-label-more-safe.bulletin.patch,patches/android-8.0.0_r1/platform/packages/apps/PackageInstaller/0001-RESTRICT-AUTOMERGE-Always-use-safe-labels.bulletin.patch,patches/android-8.1.0_r1/platform/frameworks/base/0001-Make-safe-label-more-safe.bulletin.patch,patches/android-8.1.0_r1/platform/packages/apps/PackageInstaller/0001-RESTRICT-AUTOMERGE-Always-use-safe-labels.bulletin.patch",N/A,N/A,"In ResStringPool::string8At of ResourceTypes.cpp, there is a possible exception due to a lack of validation on input data.  This could lead to local denial of service with no additional execution privileges needed.  User interaction is not needed for exploitation.",The fix is designed to reject strings that are not null terminated in ResStringPool::string8At.,N/A,N/A,N/A,N/A
2018-08,CVE-2017-13242,Platform,Update: System,Bluetooth Pairing,N/A,A-62672248,ID,Moderate,"6.0,6.0.1,7.0,7.1.1,7.1.2,8.0,8.1",N/A,"patches/android-6.0.0_r1/platform/packages/apps/Settings/0002-Import-translations-DO-NOT-MERGE.bulletin.patch,patches/android-6.0.1_r20/platform/packages/apps/Settings/0002-Merge-translations-of-Bluetooth-confirmation-text.bulletin.patch,patches/android-7.0.0_r1/platform/packages/apps/Settings/0002-Merge-translations-of-Bluetooth-confirmation-text.bulletin.patch,patches/android-7.1.1_r4/platform/packages/apps/Settings/0002-Merge-translations-of-Bluetooth-confirmation-text.bulletin.patch,patches/android-7.1.2_r5/platform/packages/apps/Settings/0002-Merge-translations-of-Bluetooth-confirmation-text.bulletin.patch,patches/android-8.0.0_r1/platform/packages/apps/Settings/0002-Merge-translations-of-Bluetooth-confirmation-text.bulletin.patch,patches/android-8.1.0_r1/platform/packages/apps/Settings/0002-Import-translations-DO-NOT-MERGE.bulletin.patch",N/A,N/A,"In the bluetooth pairing dialog, there is a possible permissions bypass due to improper input validation. This could lead to remote information disclosure if a device name is too long or has newlines, sending contacts over bluetooth with no additional execution privileges needed. User interaction is needed for exploitation.",The fix is designed to change the text so the device name is no longer displayed.,N/A,N/A,N/A,N/A
2018-08,CVE-2018-9444,Platform,Media framework,libavc,2018-08-01,A-63521984,DoS,High,"6.0,6.0.1,7.0,7.1.1,7.1.2",N/A,"patches/android-6.0.0_r1/platform/external/libavc/0001-Bug-fix-for-flush-without-valid-frames.bulletin.patch,patches/android-6.0.1_r20/platform/external/libavc/0001-Bug-fix-for-flush-without-valid-frames.bulletin.patch,patches/android-7.0.0_r1/platform/external/libavc/0001-Bug-fix-for-flush-without-valid-frames.bulletin.patch,patches/android-7.1.1_r4/platform/external/libavc/0001-Bug-fix-for-flush-without-valid-frames.bulletin.patch,patches/android-7.1.2_r5/platform/external/libavc/0001-Bug-fix-for-flush-without-valid-frames.bulletin.patch",N/A,N/A,In ih264d_video_decode of ih264d_api.c there is a possible resource exhaustion due to an infinite loop. This could lead to remote temporary device denial of service (remote hang or reboot) with no additional execution privileges needed. User interaction is needed for exploitation.,The fix is designed to ensure that the decoder returns IV_FAIL in flush mode when it has no buffers to display.,N/A,N/A,N/A,N/A
2018-08,CVE-2017-1000100,Platform,Framework,libcurl,N/A,A-64610131,ID,Moderate,"7.0,7.1.1,7.1.2,8.0,8.1",N/A,"patches/android-7.0.0_r1/platform/external/curl/0001-Disable-unused-protocols-.bulletin.patch,patches/android-7.1.1_r4/platform/external/curl/0001-Disable-unused-protocols-.bulletin.patch,patches/android-7.1.2_r5/platform/external/curl/0001-Disable-unused-protocols-.bulletin.patch,patches/android-8.0.0_r1/platform/external/curl/0001-Disable-unused-protocols-.bulletin.patch,patches/android-8.1.0_r1/platform/external/curl/0001-Disable-unused-protocols-.bulletin.patch",N/A,N/A,"In tftp_send_first of tftp.c, there is a possible out of bounds read due to a missing bounds check. This could lead to remote information disclosure when an app using libcurl sends data to a tftp address with no additional execution privileges needed. User interaction is not needed for exploitation.",The fix is designed to update libcurl from 7.54.1 to 7.55.1.,N/A,N/A,N/A,N/A
2018-08,CVE-2018-3587,Kernel,Qualcomm components,qcacld-2.0,N/A,A-65542521,EoP,Moderate,N/A,N/A,N/A,Qualcomm,QC-CR#2120605,"In several places, there is a possible use after free due to a race condition. This could lead to local escalation of privilege with System execution privileges needed. User interaction is not needed for exploitation.",The fix is designed to remove the entire FW memory dump feature to avoid this and other use after frees.,N/A,N/A,N/A,N/A
2018-08,CVE-2018-9459,Platform,System,AOSP Mail,2018-08-01,A-66230183,EoP,High,"6.0,6.0.1,7.0,7.1.1,7.1.2,8.0,8.1",N/A,"patches/android-6.0.0_r1/platform/packages/apps/UnifiedEmail/0001-Filter-Attachment-file-name-of-forward-slashes-for-eml-atta.bulletin.patch,patches/android-6.0.1_r20/platform/packages/apps/UnifiedEmail/0001-Filter-Attachment-file-name-of-forward-slashes-for-eml-atta.bulletin.patch,patches/android-7.0.0_r1/platform/packages/apps/UnifiedEmail/0001-Filter-Attachment-file-name-of-forward-slashes-for-eml-atta.bulletin.patch,patches/android-7.1.1_r4/platform/packages/apps/UnifiedEmail/0001-Filter-Attachment-file-name-of-forward-slashes-for-eml-atta.bulletin.patch,patches/android-7.1.2_r5/platform/packages/apps/UnifiedEmail/0001-Filter-Attachment-file-name-of-forward-slashes-for-eml-atta.bulletin.patch,patches/android-8.0.0_r1/platform/packages/apps/UnifiedEmail/0001-Filter-Attachment-file-name-of-forward-slashes-for-eml-atta.bulletin.patch,patches/android-8.1.0_r1/platform/packages/apps/UnifiedEmail/0001-Filter-Attachment-file-name-of-forward-slashes-for-eml-atta.bulletin.patch",N/A,N/A,"In Attachment of Attachment.java and getFilePath of EmlAttachmentProvider.java, there is a possible Elevation of Privilege due to a path traversal error. This could lead to a remote escalation of privilege with no additional execution privileges needed. User interaction is not needed for exploitation.",The fix is designed to filter attachment file names.,N/A,N/A,N/A,N/A
2018-08,CVE-2017-13322,Platform,System,TelephonyManager,N/A,A-67862398,DoS,Moderate,"6.0,6.0.1,7.0,7.1.1,7.1.2,8.0,8.1",N/A,"patches/android-6.0.0_r1/platform/packages/services/Telephony/0001-Enhanced-permission-checks-for-TelephonyManager-endCall-AP.bulletin.patch,patches/android-6.0.0_r1/platform/packages/services/Telephony/0002-DO-NOT-MERGE-Revise-security-requirements-for-TelephonyManag.bulletin.patch,patches/android-6.0.1_r20/platform/packages/services/Telephony/0001-Enhanced-permission-checks-for-TelephonyManager-endCall-AP.bulletin.patch,patches/android-6.0.1_r20/platform/packages/services/Telephony/0002--automerger-DO-NOT-MERGE-Revise-security-requirements-for-T.bulletin.patch,patches/android-7.0.0_r1/platform/packages/services/Telephony/0001-Enhanced-permission-checks-for-TelephonyManager-endCall-AP.bulletin.patch,patches/android-7.0.0_r1/platform/packages/services/Telephony/0002-DO-NOT-MERGE-Revise-security-requirements-for-TelephonyManag.bulletin.patch,patches/android-7.1.1_r4/platform/packages/services/Telephony/0001-Merge-commit-7d518b39bc046617cc31a8cd42a7b5db4d7311e4-into.bulletin.patch,patches/android-7.1.1_r4/platform/packages/services/Telephony/0002--automerger-DO-NOT-MERGE-Revise-security-requirements-for-T.bulletin.patch,patches/android-7.1.2_r5/platform/packages/services/Telephony/0001-Merge-commit-7d518b39bc046617cc31a8cd42a7b5db4d7311e4-into.bulletin.patch,patches/android-7.1.2_r5/platform/packages/services/Telephony/0002--automerger-DO-NOT-MERGE-Revise-security-requirements-for-T.bulletin.patch,patches/android-8.0.0_r1/platform/packages/services/Telephony/0001-Merge-commit-7d518b39bc046617cc31a8cd42a7b5db4d7311e4-into.bulletin.patch,patches/android-8.0.0_r1/platform/packages/services/Telephony/0002-DO-NOT-MERGE-Revise-security-requirements-for-TelephonyManag.bulletin.patch,patches/android-8.1.0_r1/platform/packages/services/Telephony/0001-Enhanced-permission-checks-for-TelephonyManager-endCall-AP.bulletin.patch,patches/android-8.1.0_r1/platform/packages/services/Telephony/0002-DO-NOT-MERGE-Revise-security-requirements-for-TelephonyManag.bulletin.patch",N/A,N/A,"In endCallForSubscriber of PhoneInterfaceManager.java, there is a possible ability to hang up an emergency phone call due to a permissions bypass. This could lead to local denial of service if calling an emergency number using the normal dialer (not the emergency dialer) with User execution privileges needed. User interaction is not needed for exploitation.",The fix is designed to add a permissions check.,N/A,N/A,N/A,N/A
2018-08,CVE-2017-15817,Kernel,Update: Qualcomm components,WLAN,N/A,A-68992394,RCE,Critical,N/A,"https://source.codeaurora.org/quic/la/platform/vendor/qcom-opensource/wlan/prima/commit/?id=fe43c2b64ac81199de17efc258e95546cb0546f1,https://source.codeaurora.org/quic/la/platform/vendor/qcom-opensource/wlan/prima/commit/?id=8ba78e506e5002cdae525dd544dbf1df0ccce1ef,https://source.codeaurora.org/quic/la/platform/vendor/qcom-opensource/wlan/qcacld-3.0/commit/?id=343a3f28338788c5c91289f53171c1f71f293cd7,https://source.codeaurora.org/quic/la/platform/vendor/qcom-opensource/wlan/qcacld-3.0/commit/?id=0c21aaa2fefa6c5919813fdd287436dddda54227",N/A,N/A,QC-CR#2076603 [2] QC-CR#2084599 QC-CR#2096512,"In limComputeCrc32 of limSecurityUtils.c, there is a possible out of bounds write due to a buffer overflow.  This could lead to remote arbitrary code execution with no additional execution privileges needed. User interaction is not needed for exploitation.",The fix is designed to use an appropriate type for a length value.,N/A,N/A,N/A,N/A
2018-08,CVE-2018-9464,Kernel,Kernel components,Taimen bootloader,N/A,A-68993267,EoP,Moderate,N/A,N/A,code_snippets/ANDROID-68993267.zip,Upstream Linux,N/A,"In laf_cmd_read_proc, there is a possible arbitrary file read due to a missing input validation. This could lead to local escalation of privilege with no additional execution privileges needed. User interaction is not needed for exploitation.",The fix is designed to update the bootloader to add input validation.,N/A,N/A,N/A,N/A
2018-08,CVE-2018-9465,Kernel,Kernel components,binder,2018-08-05,A-69164715,EoP,High,N/A,https://patchwork.kernel.org/patch/10058587/,N/A,Upstream Linux,Upstream Kernel,"In task_get_unused_fd_flags of binder.c, there is a possible memory corruption due to a use after free. This could lead to local escalation of privilege with no additional execution privileges needed. User interaction is not needed for exploitation.",The fix is designed to always use get_files_struct() to obtain struct_files and avoid use after free.,N/A,N/A,N/A,N/A
2018-08,CVE-2018-9458,Platform,Framework,Window manager,2018-08-01,A-71786287,EoP,High,"8.0,8.1",N/A,"patches/android-8.0.0_r1/platform/frameworks/base/0002-WM-Prevent-secondary-display-focus-while-keyguard-is-up.bulletin.patch,patches/android-8.1.0_r1/platform/frameworks/base/0003-WM-Prevent-secondary-display-focus-while-keyguard-is-up.bulletin.patch",N/A,N/A,"In computeFocusedWindow of RootWindowContainer.java, and related functions, there is possible interception of keypresses due to focus being on the wrong window. This could lead to local escalation of privilege revealing the user's keypresses while the screen was locked with no additional execution privileges needed. User interaction is needed for exploitation.",The fix is designed to prevent secondary display focus while keyguard is up.,N/A,N/A,N/A,N/A
2018-08,CVE-2018-9457,Platform,System,Bluetooth,N/A,A-72872376,ID,Moderate,"6.0,6.0.1,7.0,7.1.1,7.1.2,8.0,8.1",N/A,"patches/android-6.0.0_r1/platform/packages/apps/Settings/0001-DO-NOT-MERGE-Fix-unexpected-behavior-in-Bluetooth-pairing.bulletin.patch,patches/android-6.0.1_r20/platform/packages/apps/Settings/0001-DO-NOT-MERGE-Fix-unexpected-behavior-in-Bluetooth-pairing.bulletin.patch,patches/android-7.0.0_r1/platform/packages/apps/Settings/0001-DO-NOT-MERGE-Fix-unexpected-behavior-in-Bluetooth-pairing.bulletin.patch,patches/android-7.1.1_r4/platform/packages/apps/Settings/0001-DO-NOT-MERGE-Fix-unexpected-behavior-in-Bluetooth-pairing.bulletin.patch,patches/android-7.1.2_r5/platform/packages/apps/Settings/0001-DO-NOT-MERGE-Fix-unexpected-behavior-in-Bluetooth-pairing.bulletin.patch,patches/android-8.0.0_r1/platform/packages/apps/Settings/0001-DO-NOT-MERGE-Give-PBAP-permission-only-after-user-confirms.bulletin.patch,patches/android-8.1.0_r1/platform/packages/apps/Settings/0001-DO-NOT-MERGE-Give-PBAP-permission-only-after-user-confirms.bulletin.patch",N/A,N/A,"In onCheckedChanged of BluetoothPairingController.java, there is a possible way to retrieve contact information due to a permissions bypass. This could lead to local information disclosure with no additional execution privileges needed. User interaction is not needed for exploitation.",The fix is designed to change the contact sharing default and replace newlines in the device name.,N/A,N/A,N/A,N/A
2018-08,CVE-2018-11305,Kernel,Qualcomm closed-source components,Modem,2018-08-05,A-72951032,N/A,High,N/A,N/A,N/A,Qualcomm,QC-CR#2135539,N/A,N/A,Qualcomm AMSS bulletin: February 2018,N/A,N/A,N/A
2018-08,CVE-2018-11260,Kernel,Qualcomm components,WLAN,2018-08-05,A-72997254,EoP,High,N/A,https://source.codeaurora.org/quic/la/platform/vendor/qcom-opensource/wlan/qcacld-3.0/commit/?id=9fd239116d9cb19a18b3892b8a1f428636ca1453,N/A,Qualcomm,QC-CR#2204872,"In csr_update_fils_params_rso of csr_api_roam.c, there is a possible out of bounds write due to an integer overflow. This could lead to local escalation of privilege with no additional execution privileges needed. User interaction is not needed for exploitation.",The fix is designed to perform appropriate validation to avoid the integer overflow.,N/A,N/A,N/A,N/A
2018-08,CVE-2017-18309,Kernel,Qualcomm closed-source components,MProc,2018-08-05,A-73539064,N/A,High,N/A,N/A,N/A,Qualcomm,QC-CR#1114959,N/A,N/A,Qualcomm AMSS bulletin: September 2017,N/A,N/A,N/A
2018-08,CVE-2017-18308,Kernel,Qualcomm closed-source components,Modem,2018-08-05,A-73539310,N/A,High,N/A,N/A,N/A,Qualcomm,QC-CR#2025187,N/A,N/A,Qualcomm AMSS bulletin: September 2017,N/A,N/A,N/A
2018-08,CVE-2017-18307,Kernel,Qualcomm components,qcacld-3.0,N/A,A-73888283,ID,Moderate,N/A,N/A,N/A,Qualcomm,QC-CR#2026045,"In msm_lsm_ioctl of msm-lsm-client.c, there is a possible leak of uninitialized data over a netlink socket. This could lead to local information disclosure with System execution privileges needed. User interaction is not needed for exploitation.",The fix is designed to use kzmalloc to initialize the memory in order to avoid the information disclosure.,N/A,N/A,N/A,N/A
2018-08,CVE-2017-18306,Kernel,Qualcomm components,v4l2,N/A,A-73889358,ID,Moderate,N/A,N/A,N/A,Qualcomm,QC-CR#2216399,"In msm_fd_private_ioctl of msm_fd_dev.c, there is a possible leak of uninitialized data from the kernel heap. This could lead to local information disclosure with System execution privileges needed. User interaction is not needed for exploitation.",The fix is designed to use vzmalloc to initialize the memory in order to avoid the information disclosure.,N/A,N/A,N/A,N/A
2018-08,CVE-2018-9441,Platform,System,Bluetooth,N/A,A-74075873,ID,Moderate,"6.0,6.0.1,7.0,7.1.1,7.1.2,8.0,8.1",N/A,"patches/android-6.0.0_r1/platform/system/bt/0001-RESTRICT-AUTOMERGE-Fixes-two-bluetooth-bugs-causing-remote-.bulletin.patch,patches/android-6.0.0_r1/platform/system/bt/0007-Fixes-two-bluetooth-bugs-causing-remote-overreads-2-2-.bulletin.patch,patches/android-6.0.1_r20/platform/system/bt/0001-RESTRICT-AUTOMERGE-Fixes-two-bluetooth-bugs-causing-remote-.bulletin.patch,patches/android-6.0.1_r20/platform/system/bt/0007-Fixes-two-bluetooth-bugs-causing-remote-overreads-2-2-.bulletin.patch,patches/android-7.0.0_r1/platform/system/bt/0001-RESTRICT-AUTOMERGE-Fixes-two-bluetooth-bugs-causing-remote-.bulletin.patch,patches/android-7.0.0_r1/platform/system/bt/0007-Fixes-two-bluetooth-bugs-causing-remote-overreads-2-2-.bulletin.patch,patches/android-7.1.1_r4/platform/system/bt/0001-RESTRICT-AUTOMERGE-Fixes-two-bluetooth-bugs-causing-remote-.bulletin.patch,patches/android-7.1.1_r4/platform/system/bt/0007-Fixes-two-bluetooth-bugs-causing-remote-overreads-2-2-.bulletin.patch,patches/android-7.1.2_r5/platform/system/bt/0001-RESTRICT-AUTOMERGE-Fixes-two-bluetooth-bugs-causing-remote-.bulletin.patch,patches/android-7.1.2_r5/platform/system/bt/0002-RESTRICT-AUTOMERGE-Fixes-two-bluetooth-causing-remote-overr.bulletin.patch,patches/android-8.0.0_r1/platform/system/bt/0001-RESTRICT-AUTOMERGE-Fixes-two-bluetooth-causing-remote-overr.bulletin.patch,patches/android-8.0.0_r1/platform/system/bt/0002-RESTRICT-AUTOMERGE-Fixes-two-bluetooth-bugs-causing-remote-.bulletin.patch,patches/android-8.1.0_r1/platform/system/bt/0001-RESTRICT-AUTOMERGE-Fixes-two-bluetooth-causing-remote-overr.bulletin.patch,patches/android-8.1.0_r1/platform/system/bt/0002-RESTRICT-AUTOMERGE-Fixes-two-bluetooth-bugs-causing-remote-.bulletin.patch",N/A,N/A,"In sdp_copy_raw_data of sdp_discovery.cc, there is a possible out of bounds read due to an incorrect bounds check. This could lead to local information disclosure with no additional execution privileges needed. User interaction is needed for exploitation.",The fix is designed to apply the correct bounds checks when determining the length of data to copy.,N/A,N/A,N/A,N/A
2018-08,CVE-2018-9427,Platform,Media framework,libstagefright,2018-08-01,A-77486542,RCE,Critical,"8.0,8.1",N/A,"patches/android-8.0.0_r1/platform/frameworks/av/0001-omx-restrict-useBuffer-according-to-buffer-type-and-port-mo.bulletin.patch,patches/android-8.0.0_r1/platform/frameworks/av/0004-OMXNodeInstance-Allow-dynamic-native-handle-mode-for-input-.bulletin.patch,patches/android-8.1.0_r1/platform/frameworks/av/0001-omx-restrict-useBuffer-according-to-buffer-type-and-port-mo.bulletin.patch,patches/android-8.1.0_r1/platform/frameworks/av/0004-OMXNodeInstance-Allow-dynamic-native-handle-mode-for-input-.bulletin.patch",N/A,N/A,In CopyToOMX of OMXNodeInstance.cpp there is a possible out-of-bounds write due to an incorrect bounds check. This could lead to remote arbitrary code execution with no additional execution privileges needed. User interaction is needed for exploitation.,The fix is designed to avoid the out-of-bounds write.,N/A,N/A,N/A,N/A
2018-08,CVE-2018-9440,Platform,Media framework,libstagefright,2018-08-01,A-77823362,DoS,High,"6.0,6.0.1,7.0,7.1.1,7.1.2,8.0,8.1",N/A,"patches/android-6.0.0_r1/platform/frameworks/av/0001-M3UParser-make-url-on-demand.bulletin.patch,patches/android-6.0.1_r20/platform/frameworks/av/0001-M3UParser-make-url-on-demand.bulletin.patch,patches/android-7.0.0_r1/platform/frameworks/av/0001-M3UParser-make-url-on-demand.bulletin.patch,patches/android-7.1.1_r4/platform/frameworks/av/0001-M3UParser-make-url-on-demand.bulletin.patch,patches/android-7.1.2_r5/platform/frameworks/av/0002-M3UParser-make-url-on-demand.bulletin.patch,patches/android-8.0.0_r1/platform/frameworks/av/0002-M3UParser-make-url-on-demand.bulletin.patch,patches/android-8.1.0_r1/platform/frameworks/av/0002-M3UParser-make-url-on-demand.bulletin.patch",N/A,N/A,In parse of M3UParser.cpp there is a possible resource exhaustion due to improper input validation. This could lead to remote denial of service with no additional execution privileges needed. User interaction is needed for exploitation.,The fix is designed to reduce memory use by creating URL objects on demand.,N/A,N/A,N/A,N/A
2018-08,CVE-2018-1068,Kernel,Kernel components,Netfilter,N/A,A-77902350,EoP,Moderate,N/A,https://git.kernel.org/pub/scm/linux/kernel/git/torvalds/linux.git/commit/?id=b71812168571fa55e44cdd0254471331b9c4c4c6,N/A,Upstream Linux,Upstream Kernel,"In size_entry_mwt of ebtables.c, there is a possible out of bounds write due to a missing bounds check. This could lead to local escalation of privilege with System execution privileges needed. User interaction is not needed for exploitation.",The fix is designed to add checks to make sure the offsets are not out of bounds.,N/A,N/A,N/A,N/A
2018-08,CVE-2018-9455,Platform,System,Bluetooth,2018-08-01,A-78136677,DoS,High,"6.0,6.0.1,7.0,7.1.1,7.1.2,8.0,8.1",N/A,"patches/android-6.0.0_r1/platform/system/bt/0006-Decrease-length-after-reading-from-array-in-process_service_.bulletin.patch,patches/android-6.0.1_r20/platform/system/bt/0006-Decrease-length-after-reading-from-array-in-process_service_.bulletin.patch,patches/android-7.0.0_r1/platform/system/bt/0006-Decrease-length-after-reading-from-array-in-process_service_.bulletin.patch,patches/android-7.1.1_r4/platform/system/bt/0006-Decrease-length-after-reading-from-array-in-process_service_.bulletin.patch,patches/android-7.1.2_r5/platform/system/bt/0007-Decrease-length-after-reading-from-array-in-process_service_.bulletin.patch,patches/android-8.0.0_r1/platform/system/bt/0005-Decrease-length-after-reading-from-array-in-process_service_.bulletin.patch,patches/android-8.1.0_r1/platform/system/bt/0005-Decrease-length-after-reading-from-array-in-process_service_.bulletin.patch",N/A,N/A,"In sdpu_extract_attr_seq of sdp_utils.cc, there is a possible out of bounds read due to an incorrect bounds check. This could lead to remote denial of service with no additional execution privileges needed. User interaction is not needed for exploitation.",The fix is designed to decrease the length after reading from the array.,N/A,N/A,N/A,N/A
2018-08,CVE-2018-9456,Platform,System,Bluetooth,2018-08-01,A-78136869,DoS,High,"6.0,6.0.1,7.0,7.1.1,7.1.2,8.0,8.1",N/A,"patches/android-6.0.0_r1/platform/system/bt/0005-DO-NOT-MERGE-SDP-Recalculate-param_len-after-max_list_len.bulletin.patch,patches/android-6.0.1_r20/platform/system/bt/0005-DO-NOT-MERGE-SDP-Recalculate-param_len-after-max_list_len.bulletin.patch,patches/android-7.0.0_r1/platform/system/bt/0005-DO-NOT-MERGE-SDP-Recalculate-param_len-after-max_list_len.bulletin.patch,patches/android-7.1.1_r4/platform/system/bt/0005-DO-NOT-MERGE-SDP-Recalculate-param_len-after-max_list_len.bulletin.patch,patches/android-7.1.2_r5/platform/system/bt/0006-DO-NOT-MERGE-SDP-Recalculate-param_len-after-max_list_len.bulletin.patch,patches/android-8.0.0_r1/platform/system/bt/0007-DO-NOT-MERGE-SDP-Recalculate-param_len-after-max_list_len.bulletin.patch,patches/android-8.1.0_r1/platform/system/bt/0007-DO-NOT-MERGE-SDP-Recalculate-param_len-after-max_list_len.bulletin.patch",N/A,N/A,"In sdpu_extract_attr_seq of sdp_utils.cc, there is a possible out of bounds read due to an incorrect bounds check. This could lead to remote denial of service with no additional execution privileges needed. User interaction is not needed for exploitation.",The fix is designed to recalculate param_len when necessary.,N/A,N/A,N/A,N/A
2018-08,CVE-2017-18301,Kernel,Qualcomm closed-source components,Create key IOCTL,2018-08-05,A-78238455,N/A,High,N/A,N/A,N/A,Qualcomm,QC-CR#1061848,N/A,N/A,Qualcomm AMSS bulletin: February 2017,N/A,N/A,N/A
2018-08,CVE-2017-18302,Kernel,Qualcomm closed-source components,QSEE,2018-08-05,A-78239233,N/A,High,N/A,N/A,N/A,Qualcomm,QC-CR#974835,N/A,N/A,Qualcomm AMSS bulletin: February 2017,N/A,N/A,N/A
2018-08,CVE-2017-18300,Kernel,Qualcomm closed-source components,Secure Display,2018-08-05,A-78239508,N/A,High,N/A,N/A,N/A,Qualcomm,QC-CR#1089168,N/A,N/A,Qualcomm AMSS bulletin: February 2017,N/A,N/A,N/A
2018-08,CVE-2017-18305,Kernel,Qualcomm closed-source components,Extended Bootloader,2018-08-05,A-78239838,N/A,Critical,N/A,N/A,N/A,Qualcomm,QC-CR#1076249,N/A,N/A,Qualcomm AMSS bulletin: February 2017,N/A,N/A,N/A
2018-08,CVE-2017-18304,Kernel,Qualcomm closed-source components,Power,2018-08-05,A-78239975,N/A,High,N/A,N/A,N/A,Qualcomm,QC-CR#829839,N/A,N/A,Qualcomm AMSS bulletin: February 2017,N/A,N/A,N/A
2018-08,CVE-2017-18298,Kernel,Qualcomm closed-source components,SDMX_process API,2018-08-05,A-78239976,N/A,High,N/A,N/A,N/A,Qualcomm,QC-CR#780403,N/A,N/A,Qualcomm AMSS bulletin: February 2017,N/A,N/A,N/A
2018-08,CVE-2017-18294,Kernel,Qualcomm closed-source components,ELF header parsing,2018-08-05,A-78240247,N/A,High,N/A,N/A,N/A,Qualcomm,QC-CR#1071408,N/A,N/A,Qualcomm AMSS bulletin: January 2017,N/A,N/A,N/A
2018-08,CVE-2017-18297,Kernel,Qualcomm closed-source components,TEE SE API Library,2018-08-05,A-78240275,N/A,High,N/A,N/A,N/A,Qualcomm,QC-CR#1030717,N/A,N/A,Qualcomm AMSS bulletin: February 2017,N/A,N/A,N/A
2018-08,CVE-2017-18293,Kernel,Qualcomm closed-source components,GPIO Banked Registers,2018-08-05,A-78240316,N/A,High,N/A,N/A,N/A,Qualcomm,QC-CR#1071741,N/A,N/A,Qualcomm AMSS bulletin: January 2017,N/A,N/A,N/A
2018-08,CVE-2017-18295,Kernel,Qualcomm closed-source components,DSP Services,2018-08-05,A-78240386,N/A,High,N/A,N/A,N/A,Qualcomm,QC-CR#1072741,N/A,N/A,Qualcomm AMSS bulletin: January 2017,N/A,N/A,N/A
2018-08,CVE-2017-18303,Kernel,Qualcomm closed-source components,Sensors,2018-08-05,A-78240396,N/A,High,N/A,N/A,N/A,Qualcomm,QC-CR#1094002,N/A,N/A,Qualcomm AMSS bulletin: February 2017,N/A,N/A,N/A
2018-08,CVE-2017-18283,Kernel,Qualcomm closed-source components,BTSOC,2018-08-05,A-78240411,N/A,High,N/A,N/A,N/A,Qualcomm,QC-CR#1056447,N/A,N/A,Qualcomm AMSS bulletin: January 2017,N/A,N/A,N/A
2018-08,CVE-2017-18299,Kernel,Qualcomm closed-source components,QSEE Translation table,2018-08-05,A-78240418,N/A,High,N/A,N/A,N/A,Qualcomm,QC-CR#952982,N/A,N/A,Qualcomm AMSS bulletin: February 2017,N/A,N/A,N/A
2018-08,CVE-2017-18296,Kernel,Qualcomm closed-source components,SafeSwitch Java API,2018-08-05,A-78240731,N/A,Critical,N/A,N/A,N/A,Qualcomm,QC-CR#1085010,N/A,N/A,Qualcomm AMSS bulletin: January 2017,N/A,N/A,N/A
2018-08,CVE-2017-18292,Kernel,Qualcomm closed-source components,TZ,2018-08-05,A-78241027,N/A,High,N/A,N/A,N/A,Qualcomm,QC-CR#967844,N/A,N/A,Qualcomm AMSS bulletin: January 2017,N/A,N/A,N/A
2018-08,CVE-2015-2305,Kernel,Qualcomm closed-source components,rxspencer,2018-08-05,A-78241142,N/A,High,N/A,N/A,N/A,Qualcomm,QC-CR#975866,N/A,N/A,Qualcomm AMSS bulletin: January 2017,N/A,N/A,N/A
2018-08,CVE-2017-18282,Kernel,Qualcomm closed-source components,SDCC,2018-08-05,A-78241591,N/A,High,N/A,N/A,N/A,Qualcomm,QC-CR#1068409,N/A,N/A,Qualcomm AMSS bulletin: April 2017,N/A,N/A,N/A
2018-08,CVE-2017-18281,Kernel,Qualcomm components,Video,2018-08-05,A-78242172,ID,High,N/A,https://source.codeaurora.org/quic/la/kernel/msm-3.18/commit/?id=69f0a80b8cc1333647397d7bc4f267bd3fe22be9,N/A,Qualcomm,QC-CR#856388,"In msm_vidc_setup_context_bank of msm_vidc_res_parse.c, there is a possible out of bounds read due to an improperly typed variable.  This could lead to remote information disclosure with no additional execution privileges needed.  User interaction is needed for exploitation.",The fix is designed to change the type of a variable to avoid the out of bounds read.,N/A,N/A,N/A,N/A
2018-08,CVE-2017-18249,Kernel,Kernel components,F2FS,2018-08-05,A-78283212,EoP,High,N/A,http://git.kernel.org/cgit/linux/kernel/git/torvalds/linux.git/commit/?id=30a61ddf8117c26ac5b295e1233eaa9629a94ca3,N/A,Upstream Linux,Upstream Kernel,"In __remove_nid_from_list of node.c, there is a possible use after free due to a race condition. This could lead to local escalation of privilege with no additional execution privileges needed. User interaction is not needed for exploitation.",The fix is designed to make operations atomic to avoid the race condition.,N/A,N/A,N/A,N/A
2018-08,CVE-2017-13077,Kernel,Qualcomm components,WLAN,2018-08-05,A-78284758,ID,High,N/A,https://source.codeaurora.org/quic/la/platform/vendor/qcom-opensource/wlan/qcacld-2.0/commit/?id=edb507885fc47cf3cdf061bfba1dc77451a6a332,N/A,Qualcomm,QC-CR#2133033,"In __wlan_hdd_cfg80211_add_key of wlan_hdd_cfg80211.c, there is improperly used crypto. This could lead to remote information disclosure with no additional execution privileges needed. User interaction is not needed for exploitation.",The fix is designed to propagate the key sequence counter to SME.,N/A,N/A,N/A,N/A
2018-08,CVE-2017-18280,Kernel,Qualcomm closed-source components,SPI/I2C bus,2018-08-05,A-78285512,N/A,High,N/A,N/A,N/A,Qualcomm,QC-CR#1022488,N/A,N/A,Qualcomm AMSS bulletin: February 2017,N/A,N/A,N/A
2018-08,CVE-2018-9454,Platform,System,Bluetooth,2018-08-01,A-78286118,ID,High,"6.0,6.0.1,7.0,7.1.1,7.1.2,8.0,8.1",N/A,"patches/android-6.0.0_r1/platform/system/bt/0008-BNEP-Fix-OOB-access-in-bnep_data_ind.bulletin.patch,patches/android-6.0.1_r20/platform/system/bt/0008-BNEP-Fix-OOB-access-in-bnep_data_ind.bulletin.patch,patches/android-7.0.0_r1/platform/system/bt/0008-BNEP-Fix-OOB-access-in-bnep_data_ind.bulletin.patch,patches/android-7.0.0_r1/platform/system/bt/0009-DO-NOT-MERGE-BNEP-Fix-build-breakage-by-using-osi_free-inst.bulletin.patch,patches/android-7.1.1_r4/platform/system/bt/0008-BNEP-Fix-OOB-access-in-bnep_data_ind.bulletin.patch,patches/android-7.1.1_r4/platform/system/bt/0009-DO-NOT-MERGE-BNEP-Fix-build-breakage-by-using-osi_free-inst.bulletin.patch,patches/android-7.1.2_r5/platform/system/bt/0008-BNEP-Fix-OOB-access-in-bnep_data_ind.bulletin.patch,patches/android-7.1.2_r5/platform/system/bt/0009-DO-NOT-MERGE-BNEP-Fix-build-breakage-by-using-osi_free-inst.bulletin.patch,patches/android-8.0.0_r1/platform/system/bt/0008-BNEP-Fix-OOB-access-in-bnep_data_ind.bulletin.patch,patches/android-8.1.0_r1/platform/system/bt/0008-BNEP-Fix-OOB-access-in-bnep_data_ind.bulletin.patch",N/A,N/A,"In bnep_data_ind of bnep_main.cc, there is a possible out of bounds read due to a missing bounds check. This could lead to local information disclosure with no additional execution privileges needed. User interaction is not needed for exploitation.",The fix is designed to fix the out-of-bounds access in packet reading.,N/A,N/A,N/A,N/A
2018-08,CVE-2018-9453,Platform,System,Bluetooth,2018-08-01,A-78288378,ID,High,"6.0,6.0.1,7.0,7.1.1,7.1.2,8.0,8.1",N/A,"patches/android-6.0.0_r1/platform/system/bt/0009-Add-checks-whether-the-AVDTP-element-data-length-is-valid.bulletin.patch,patches/android-6.0.1_r20/platform/system/bt/0009-Add-checks-whether-the-AVDTP-element-data-length-is-valid.bulletin.patch,patches/android-7.0.0_r1/platform/system/bt/0010-Add-checks-whether-the-AVDTP-element-data-length-is-valid.bulletin.patch,patches/android-7.1.1_r4/platform/system/bt/0010-Add-checks-whether-the-AVDTP-element-data-length-is-valid.bulletin.patch,patches/android-7.1.2_r5/platform/system/bt/0010-Add-checks-whether-the-AVDTP-element-data-length-is-valid.bulletin.patch,patches/android-8.0.0_r1/platform/system/bt/0009-Add-checks-whether-the-AVDTP-element-data-length-is-valid.bulletin.patch,patches/android-8.1.0_r1/platform/system/bt/0009-Add-checks-whether-the-AVDTP-element-data-length-is-valid.bulletin.patch",N/A,N/A,"In avdt_msg_prs_cfg of avdt_msg.cc, there is a possible out of bounds read due to a missing bounds check. This could lead to local information disclosure with no additional execution privileges needed. User interaction is not needed for exploitation.",The fix is designed to perform appropriate buffer length validation.,N/A,N/A,N/A,N/A
2018-08,CVE-2018-9463,Kernel,Kernel components,Touchscreen,N/A,A-78362414,EoP,Moderate,N/A,N/A,"code_snippets/ANDROID-78362414_1.zip,code_snippets/ANDROID-78362414_2.zip",Upstream Linux,N/A,"In sw49408_irq_runtime_engine_debug of touch_sw49408.c, there is a possible out of bounds write due to an incorrect bounds check. This could lead to local escalation of privilege with System execution privileges needed. User interaction is not needed for exploitation.",The fix is designed to change the destination buffer to be the right size for the memcpy.,N/A,N/A,N/A,N/A
2018-08,CVE-2018-9462,Kernel,Kernel components,Touchscreen,N/A,A-78364203,EoP,Moderate,N/A,N/A,code_snippets/ANDROID-78364203.zip,Upstream Linux,N/A,"In store_cmd of ftm4_pdc.c, there is a possible out of bounds write due to an incorrect bounds check. This could lead to local escalation of privilege with System execution privileges needed. User interaction is not needed for exploitation.",The fix is designed to use sizeof instead of ARRAY_SIZE.,N/A,N/A,N/A,N/A
2018-08,CVE-2018-9452,Platform,Framework,Layout,2018-08-01,A-78464361,DoS,High,"6.0,6.0.1,7.0,7.1.1,7.1.2,8.0,8.1",N/A,"patches/android-6.0.0_r1/platform/frameworks/base/0001-Optimise-the-hit-test-algorithm.bulletin.patch,patches/android-6.0.1_r20/platform/frameworks/base/0001-Optimise-the-hit-test-algorithm.bulletin.patch,patches/android-7.0.0_r1/platform/frameworks/base/0002-Optimise-the-hit-test-algorithm.bulletin.patch,patches/android-7.1.1_r4/platform/frameworks/base/0002-Optimise-the-hit-test-algorithm.bulletin.patch,patches/android-7.1.2_r5/platform/frameworks/base/0002-Optimise-the-hit-test-algorithm.bulletin.patch,patches/android-8.0.0_r1/platform/frameworks/base/0003-Optimise-the-hit-test-algorithm.bulletin.patch,patches/android-8.1.0_r1/platform/frameworks/base/0005-Optimise-the-hit-test-algorithm.bulletin.patch",N/A,N/A,"In getOffsetForHorizontal of Layout.java, there is a possible application hang due to a slow width calculation.  This could lead to remote denial of service if a contact with many hidden unicode characters were sent to the device and used by a local app, with no additional execution privileges needed.  User interaction is needed for exploitation.",The fix is designed to fix performance of the width calculation.,N/A,N/A,N/A,N/A
2018-08,CVE-2018-9438,Platform,Framework,VPN,2018-08-01,A-78644887,DoS,High,8.1,N/A,"patches/android-8.1.0_r1/platform/frameworks/base/0002-DO-NOT-MERGE-Fix-ConnectivityController-meteredness-checks.bulletin.patch,patches/android-8.1.0_r1/platform/frameworks/base/0004-DO-NOT-MERGE-Add-unit-tests-to-ensure-VPN-meteredness.bulletin.patch,patches/android-8.1.0_r1/platform/frameworks/opt/telephony/0001-DO-NOT-MERGE-Update-ConnectivityServiceMock-for-VPN-metered.bulletin.patch,patches/android-8.1.0_r1/platform/packages/providers/DownloadProvider/0001-DO-NOT-MERGE-Update-DownloadProvider-for-correct-meterednes.bulletin.patch",N/A,N/A,"When a device connects only over WiFi VPN, the device may not receive security updates due to some incorrect checks. This could lead to a local denial of service of security updates with no additional execution privileges needed. User interaction is needed for exploitation.",The fix is designed to correct the checks that prevented connectivity over WiFi VPN.,N/A,N/A,N/A,N/A
2018-08,CVE-2018-9437,Platform,Media framework,libstagefright,2018-08-01,A-78656554,DoS,High,"6.0,6.0.1,7.0,7.1.1,7.1.2,8.0,8.1",N/A,"patches/android-6.0.0_r1/platform/frameworks/av/0002-Fix-possible-out-of-bounds-read.bulletin.patch,patches/android-6.0.1_r20/platform/frameworks/av/0002-Fix-possible-out-of-bounds-read.bulletin.patch,patches/android-7.0.0_r1/platform/frameworks/av/0002-Fix-possible-out-of-bounds-read.bulletin.patch,patches/android-7.1.1_r4/platform/frameworks/av/0002-Fix-possible-out-of-bounds-read.bulletin.patch,patches/android-7.1.2_r5/platform/frameworks/av/0001-Fix-possible-out-of-bounds-read.bulletin.patch,patches/android-8.0.0_r1/platform/frameworks/av/0003-Fix-possible-out-of-bounds-read.bulletin.patch,patches/android-8.1.0_r1/platform/frameworks/av/0003-Fix-possible-out-of-bounds-read.bulletin.patch",N/A,N/A,In getstring of ID3.cpp there is a possible out-of-bounds read due to a missing bounds check. This could lead to remote denial of service with no additional execution privileges needed. User interaction is needed for exploitation.,"The fix is designed to add a check for zero, preventing the out of bounds read.",N/A,N/A,N/A,N/A
2018-08,CVE-2018-9436,Platform,System,Bluetooth,2018-08-01,A-79164722,ID,High,"6.0,6.0.1,7.0,7.1.1,7.1.2,8.0,8.1",N/A,"patches/android-6.0.0_r1/platform/system/bt/0008-BNEP-Fix-OOB-access-in-bnep_data_ind.bulletin.patch,patches/android-6.0.1_r20/platform/system/bt/0008-BNEP-Fix-OOB-access-in-bnep_data_ind.bulletin.patch,patches/android-7.0.0_r1/platform/system/bt/0008-BNEP-Fix-OOB-access-in-bnep_data_ind.bulletin.patch,patches/android-7.0.0_r1/platform/system/bt/0009-DO-NOT-MERGE-BNEP-Fix-build-breakage-by-using-osi_free-inst.bulletin.patch,patches/android-7.1.1_r4/platform/system/bt/0008-BNEP-Fix-OOB-access-in-bnep_data_ind.bulletin.patch,patches/android-7.1.1_r4/platform/system/bt/0009-DO-NOT-MERGE-BNEP-Fix-build-breakage-by-using-osi_free-inst.bulletin.patch,patches/android-7.1.2_r5/platform/system/bt/0008-BNEP-Fix-OOB-access-in-bnep_data_ind.bulletin.patch,patches/android-7.1.2_r5/platform/system/bt/0009-DO-NOT-MERGE-BNEP-Fix-build-breakage-by-using-osi_free-inst.bulletin.patch,patches/android-8.0.0_r1/platform/system/bt/0008-BNEP-Fix-OOB-access-in-bnep_data_ind.bulletin.patch,patches/android-8.1.0_r1/platform/system/bt/0008-BNEP-Fix-OOB-access-in-bnep_data_ind.bulletin.patch",N/A,N/A,"In bnep_data_ind of bnep_main.cc, there is a possible out of bounds read due to a missing bounds check. This could lead to remote information disclosure with no additional execution privileges needed. User interaction is not needed for exploitation.",The fix is designed to fix the out-of-bounds access.,N/A,N/A,N/A,N/A
2018-08,CVE-2018-9439,Kernel,Kernel components,Network stack,N/A,A-79377438,EoP,Moderate,N/A,N/A,"code_snippets/ANDROID-79377438_1.zip,code_snippets/ANDROID-79377438_2.zip",Upstream Linux,N/A,"In __unregister_prot_hook and packet_release of af_packet.c, there is a possible use-after-free due to improper locking. This could lead to local escalation of privilege in the kernel with System execution privileges needed. User interaction is not needed for exploitation.",The fix is designed to add locking.,N/A,N/A,N/A,N/A
2018-08,CVE-2018-5904,Kernel,Qualcomm components,Power driver,N/A,A-79421260,EoP,Moderate,N/A,"https://source.codeaurora.org/quic/la/kernel/msm-4.4/commit/?id=88b838c8952ec6414c72449ae15768d15d2606dd,https://source.codeaurora.org/quic/la/kernel/msm-4.9/commit/?id=8e82c0d84ccee87309fd22f8208915f0ba502b26",N/A,Qualcomm,QC-CR#2184702 [2],"In cleanup_stats of lpm-stats.c, there is a possible heap memory corruption due to a use after free. This could lead to local escalation of privilege in the kernel with System execution privileges needed. User interaction is not needed for exploitation.",The fix is designed to correct list handling in cleanup_stats.,N/A,N/A,N/A,N/A
2018-08,CVE-2018-5905,Kernel,Qualcomm components,Diag driver,N/A,A-79421261,EoP,Moderate,N/A,https://source.codeaurora.org/quic/la/kernel/msm-4.4/commit/?id=6eb2f4f6fde1b210712d6ac66b40b9e7684d77db,N/A,Qualcomm,QC-CR#2169715,"In diagchar_open of diagchar_core.c, there is a possible heap memory corruption due to improper locking. This could lead to local escalation of privilege in the kernel with System execution privileges needed. User interaction is not needed for exploitation.",The fix is designed to correct locking in diagchar_open.,N/A,N/A,N/A,N/A
2018-08,CVE-2018-5909,Kernel,Qualcomm components,Rotator,N/A,A-79421262,EoP,Moderate,N/A,https://source.codeaurora.org/quic/la/kernel/msm-4.4/commit/?id=2c1716c5afd660651724b6088f2e6301272f4926,N/A,Qualcomm,QC-CR#2174716,"In sde_rot_evtlog_dump_read of sde_rotator_debug.c, there is a possible out of bounds write due to a missing bounds check. This could lead to local escalation of privilege in the kernel with System execution privileges needed. User interaction is not needed for exploitation.",The fix is designed to check the input length.,N/A,N/A,N/A,N/A
2018-08,CVE-2018-5383,Kernel,Qualcomm components,Bluetooth,2018-08-05,A-79421580,ID,High,N/A,N/A,N/A,Qualcomm,QC-CR#2209635,"In multiple functions of p_256_ecc_pp.cc, p_256_ecc_pp.h, smp_act.cc, stack_smp_test.cc, there is a possible man-in-the-middle attack due to improperly used crypto. This could lead to remote information disclosure with no additional execution privileges needed. User interaction is not needed for exploitation.",The fix is designed to validate remote elliptic curve points.,N/A,N/A,N/A,N/A
2018-08,CVE-2018-5903,Kernel,Qualcomm components,qcacld 3.0,N/A,A-79421737,EoP,Moderate,N/A,https://source.codeaurora.org/quic/la/platform/vendor/qcom-opensource/wlan/qcacld-3.0/commit/?id=20365fa599f42f6e1f175d9d5d60d964927c2160,N/A,Qualcomm,QC-CR#2185477,"In wma_vdev_stop_resp_handler of wma_dev_if.c, there is a possible out of bounds write due to a missing bounds check. This could lead to local escalation of privilege with System execution privileges needed. User interaction is not needed for exploitation.",The fix is designed to check that the vdev_id is not out of bounds.,N/A,N/A,N/A,N/A
2018-08,CVE-2018-5910,Kernel,Qualcomm components,MDSS,N/A,A-79422277,EoP,Moderate,N/A,"https://source.codeaurora.org/quic/la/kernel/msm-3.18/commit/?id=b67e04e3696f05411b7434c8b194895d273b00c5,https://source.codeaurora.org/quic/la/kernel/msm-4.4/commit/?id=d9344c2f4b60cf5d4c747c11f3cb0b6f1558db78",N/A,Qualcomm,QC-CR#2175499 [2],"In mdss_xlog_dump_read of mdss_debug_xlog.c, there is a possible out-of-bounds write due to a missing bounds check. This could lead to local escalation of privilege in the kernel with System execution privileges needed. User interaction is not needed for exploitation.",The fix is designed to check the bounds of the input.,N/A,N/A,N/A,N/A
2018-08,CVE-2018-11263,Kernel,Qualcomm components,WLAN,N/A,A-79422278,EoP,Moderate,N/A,N/A,N/A,Qualcomm,QC-CR#2209106,"In wma_unified_radio_tx_power_level_stats_event_handler of wma_utils.c, there is a possible out of bounds write due to a missing bounds check. This could lead to local escalation of privilege with System execution privileges needed. User interaction is not needed for exploitation.",The fix is designed to appropriately bounds check data coming from the firmware.,N/A,N/A,N/A,N/A
2018-08,CVE-2018-5908,Kernel,Qualcomm components,MDSS,N/A,A-79422409,EoP,Moderate,N/A,"https://source.codeaurora.org/quic/la/kernel/msm-3.18/commit/?id=28e5918c60b832091c6b3618747258803cbd3302,https://source.codeaurora.org/quic/la/kernel/msm-4.4/commit/?id=4689d03e5db548d263232c274bf307956207da27",N/A,Qualcomm,QC-CR#2171758 [2],"In mdss_dsi_cmd_state_read of mdss_dsi.c, there is a possible out of bounds write due to an incorrect bounds check. This could lead to local escalation of privilege with System execution privileges needed. User interaction is not needed for exploitation.",The fix is designed to properly check that the copy_to_user will not write out of bounds.,N/A,N/A,N/A,N/A
2018-08,CVE-2018-9451,Platform,Framework,framework,2018-08-01,A-79488511,ID,High,"6.0,6.0.1,7.0,7.1.1,7.1.2,8.0,8.1",N/A,"patches/android-6.0.0_r1/platform/frameworks/base/0002-ResStringPool-Prevenet-boot-loop-from-se-fix.bulletin.patch,patches/android-6.0.0_r1/platform/frameworks/base/0003-Fix-DynamicRefTable-load-security-bug.bulletin.patch,patches/android-6.0.1_r20/platform/frameworks/base/0002-ResStringPool-Prevenet-boot-loop-from-se-fix.bulletin.patch,patches/android-6.0.1_r20/platform/frameworks/base/0003-Fix-DynamicRefTable-load-security-bug.bulletin.patch,patches/android-7.0.0_r1/platform/frameworks/base/0003-ResStringPool-Prevenet-boot-loop-from-se-fix.bulletin.patch,patches/android-7.0.0_r1/platform/frameworks/base/0004-Fix-DynamicRefTable-load-security-bug.bulletin.patch,patches/android-7.1.1_r4/platform/frameworks/base/0003-ResStringPool-Prevenet-boot-loop-from-se-fix.bulletin.patch,patches/android-7.1.1_r4/platform/frameworks/base/0004-Fix-DynamicRefTable-load-security-bug.bulletin.patch,patches/android-7.1.2_r5/platform/frameworks/base/0003-ResStringPool-Prevenet-boot-loop-from-se-fix.bulletin.patch,patches/android-7.1.2_r5/platform/frameworks/base/0004-Fix-DynamicRefTable-load-security-bug.bulletin.patch,patches/android-8.0.0_r1/platform/frameworks/base/0004-ResStringPool-Prevenet-boot-loop-from-se-fix.bulletin.patch,patches/android-8.0.0_r1/platform/frameworks/base/0005-Fix-DynamicRefTable-load-security-bug.bulletin.patch,patches/android-8.1.0_r1/platform/frameworks/base/0006-Fix-DynamicRefTable-load-security-bug.bulletin.patch,patches/android-8.1.0_r1/platform/frameworks/base/0007-ResStringPool-Prevenet-boot-loop-from-se-fix.bulletin.patch",N/A,N/A,"In DynamicRefTable::load of ResourceTypes.cpp, there is a possible out of bounds read due to a missing bounds check. This could lead to local information disclosure with no additional execution privileges needed. User interaction is not needed for exploitation.",The fix is designed to validate the resource table header.,N/A,N/A,N/A,N/A
2018-08,CVE-2018-9450,Platform,System,Bluetooth,2018-08-01,A-79541338,RCE,Critical,"6.0,6.0.1,7.0,7.1.1,7.1.2,8.0,8.1",N/A,"patches/android-6.0.0_r1/platform/system/bt/0010-DO-NOT-MERGE-Don-t-reuse-buffer-when-building-response.bulletin.patch,patches/android-6.0.1_r20/platform/system/bt/0010-DO-NOT-MERGE-Don-t-reuse-buffer-when-building-response.bulletin.patch,patches/android-7.0.0_r1/platform/system/bt/0011-DO-NOT-MERGE-Don-t-reuse-buffer-when-building-response.bulletin.patch,patches/android-7.1.1_r4/platform/system/bt/0011-DO-NOT-MERGE-Don-t-reuse-buffer-when-building-response.bulletin.patch,patches/android-7.1.2_r5/platform/system/bt/0011-DO-NOT-MERGE-Don-t-reuse-buffer-when-building-response.bulletin.patch,patches/android-8.0.0_r1/platform/system/bt/0012-DO-NOT-MERGE-Don-t-reuse-buffer-when-building-response.bulletin.patch,patches/android-8.1.0_r1/platform/system/bt/0012-DO-NOT-MERGE-Don-t-reuse-buffer-when-building-response.bulletin.patch",N/A,N/A,"In avrc_proc_vendor_command of avrc_api.cc, there is a possible out of bounds write due to a missing bounds check. This could lead to remote code execution with no additional execution privileges needed. User interaction is not needed for exploitation.",The fix is designed to avoid improper reuse of a buffer.,N/A,N/A,N/A,N/A
2018-08,CVE-2018-9435,Platform,System,Bluetooth,N/A,A-79591688,ID,Moderate,"6.0,6.0.1,7.0,7.1.1,7.1.2,8.0,8.1",N/A,"patches/android-6.0.0_r1/platform/system/bt/0003-GATT-Handle-too-short-Error-Response-PDU.bulletin.patch,patches/android-6.0.1_r20/platform/system/bt/0003-GATT-Handle-too-short-Error-Response-PDU.bulletin.patch,patches/android-7.0.0_r1/platform/system/bt/0003-GATT-Handle-too-short-Error-Response-PDU.bulletin.patch,patches/android-7.1.1_r4/platform/system/bt/0003-GATT-Handle-too-short-Error-Response-PDU.bulletin.patch,patches/android-7.1.2_r5/platform/system/bt/0004-GATT-Handle-too-short-Error-Response-PDU.bulletin.patch,patches/android-8.0.0_r1/platform/system/bt/0004-GATT-Handle-too-short-Error-Response-PDU.bulletin.patch,patches/android-8.1.0_r1/platform/system/bt/0003-GATT-Handle-too-short-Error-Response-PDU.bulletin.patch",N/A,N/A,"In gatt_process_error_rsp of gatt_cl.cc, there is a possible out of bound read due to a missing bounds check. This could lead to local information disclosure with no additional execution privileges needed. User interaction is not needed for exploitation.",The fix is designed to add a bounds check.,N/A,N/A,N/A,N/A
2018-08,CVE-2018-9449,Platform,System,Bluetooth,N/A,A-79884292,ID,Moderate,"6.0,6.0.1,7.0,7.1.1,7.1.2,8.0,8.1",N/A,"patches/android-6.0.0_r1/platform/system/bt/0002-Add-PDU-size-checks-in-process_service_search_attr_rsp.bulletin.patch,patches/android-6.0.1_r20/platform/system/bt/0002-Add-PDU-size-checks-in-process_service_search_attr_rsp.bulletin.patch,patches/android-7.0.0_r1/platform/system/bt/0002-Add-PDU-size-checks-in-process_service_search_attr_rsp.bulletin.patch,patches/android-7.1.1_r4/platform/system/bt/0002-Add-PDU-size-checks-in-process_service_search_attr_rsp.bulletin.patch,patches/android-7.1.2_r5/platform/system/bt/0003-Add-PDU-size-checks-in-process_service_search_attr_rsp.bulletin.patch,patches/android-8.0.0_r1/platform/system/bt/0003-Add-PDU-size-checks-in-process_service_search_attr_rsp.bulletin.patch,patches/android-8.1.0_r1/platform/system/bt/0004-Add-PDU-size-checks-in-process_service_search_attr_rsp.bulletin.patch",N/A,N/A,"In process_service_search_attr_rsp of sdp_discovery.cc, there is a possible out of bounds read due to a missing bounds check. This could lead to local information disclosure with no additional execution privileges needed. User interaction is not needed for exploitation.",The fix is designed to add bounds checks.,N/A,N/A,N/A,N/A
2018-08,CVE-2018-9448,Platform,System,Bluetooth,2018-08-01,A-79944113,ID,High,"8.0,8.1",N/A,"patches/android-8.0.0_r1/platform/system/bt/0010-Add-packet-length-check-for-received-AVCTP-packets.bulletin.patch,patches/android-8.0.0_r1/platform/system/bt/0011-Add-BT_HDR-length-check-for-received-AVCTP-packets.bulletin.patch,patches/android-8.1.0_r1/platform/system/bt/0010-Add-packet-length-check-for-received-AVCTP-packets.bulletin.patch,patches/android-8.1.0_r1/platform/system/bt/0011-Add-BT_HDR-length-check-for-received-AVCTP-packets.bulletin.patch",N/A,N/A,"In avct_bcb_msg_ind of avct_bcb_act.cc, there is a possible out of bounds read due to a missing bounds check. This could lead to remote information disclosure with no additional execution privileges needed. User interaction is not needed for exploitation.",The fix is designed to add a header length check.,N/A,N/A,N/A,N/A
2018-08,CVE-2018-9447,Platform,System,EmergencyCallbackModeExitDialog,N/A,A-79995313,DoS,Moderate,"6.0,6.0.1,8.0,8.1",N/A,"patches/android-6.0.0_r1/platform/packages/services/Telephony/0003-DO-NOT-MERGE-Add-null-check-to-EmergencyCallbackModeExitDial.bulletin.patch,patches/android-6.0.1_r20/platform/packages/services/Telephony/0003-DO-NOT-MERGE-Add-null-check-to-EmergencyCallbackModeExitDial.bulletin.patch,patches/android-8.0.0_r1/platform/packages/services/Telephony/0003-Fix-potential-NPE-in-EmergencyCallbackModeExitDialog-.bulletin.patch,patches/android-8.1.0_r1/platform/packages/services/Telephony/0003-Fix-potential-NPE-in-EmergencyCallbackModeExitDialog-.bulletin.patch",N/A,N/A,"In onCreate of EmergencyCallbackModeExitDialog.java, there is a possible crash due to a missing null check. This could lead to local denial of service of phone calls with no additional execution privileges needed. User interaction is not needed for exploitation.",The fix is designed to add a null check.,N/A,N/A,N/A,N/A
2018-08,CVE-2018-9446,Platform,System,Bluetooth,2018-08-01,A-80145946,RCE,Critical,"6.0,6.0.1,7.0,7.1.1,7.1.2,8.0,8.1",N/A,"patches/android-6.0.0_r1/platform/system/bt/0004-DO-NOT-MERGE-SMP-Check-p_cb-role-in-smp_br_state_machine_e.bulletin.patch,patches/android-6.0.1_r20/platform/system/bt/0004-DO-NOT-MERGE-SMP-Check-p_cb-role-in-smp_br_state_machine_e.bulletin.patch,patches/android-7.0.0_r1/platform/system/bt/0004-DO-NOT-MERGE-SMP-Check-p_cb-role-in-smp_br_state_machine_e.bulletin.patch,patches/android-7.1.1_r4/platform/system/bt/0004-DO-NOT-MERGE-SMP-Check-p_cb-role-in-smp_br_state_machine_e.bulletin.patch,patches/android-7.1.2_r5/platform/system/bt/0005-DO-NOT-MERGE-SMP-Check-p_cb-role-in-smp_br_state_machine_e.bulletin.patch,patches/android-8.0.0_r1/platform/system/bt/0006-DO-NOT-MERGE-SMP-Check-p_cb-role-in-smp_br_state_machine_e.bulletin.patch,patches/android-8.1.0_r1/platform/system/bt/0006-DO-NOT-MERGE-SMP-Check-p_cb-role-in-smp_br_state_machine_e.bulletin.patch",N/A,N/A,"In smp_br_state_machine_event of smp_br_main.cc, there is a possible out of bounds write due to memory corruption. This could lead to remote code execution with no additional execution privileges needed. User interaction is not needed for exploitation.",The fix is designed to validate p_cb->role in smp_br_state_machine_event.,N/A,N/A,N/A,N/A
2018-08,CVE-2018-9445,Platform,Framework,vold,2018-08-01,A-80436257,EoP,High,"6.0,6.0.1,7.0,7.1.1,7.1.2,8.0,8.1",N/A,"patches/android-6.0.0_r1/platform/external/e2fsprogs/0001-Ignore-quotes-in-safe_print-.bulletin.patch,patches/android-6.0.0_r1/platform/system/vold/0001-Require-quotes-when-searching-for-blkid-keys-.bulletin.patch,patches/android-6.0.1_r20/platform/external/e2fsprogs/0001-Ignore-quotes-in-safe_print-.bulletin.patch,patches/android-6.0.1_r20/platform/system/vold/0001-Require-quotes-when-searching-for-blkid-keys-.bulletin.patch,patches/android-7.0.0_r1/platform/external/e2fsprogs/0001-Ignore-quotes-in-safe_print-.bulletin.patch,patches/android-7.0.0_r1/platform/system/vold/0001-Require-quotes-when-searching-for-blkid-keys-.bulletin.patch,patches/android-7.1.1_r4/platform/external/e2fsprogs/0001-Ignore-quotes-in-safe_print-.bulletin.patch,patches/android-7.1.1_r4/platform/system/vold/0001-Require-quotes-when-searching-for-blkid-keys-.bulletin.patch,patches/android-7.1.2_r5/platform/external/e2fsprogs/0001-Ignore-quotes-in-safe_print-.bulletin.patch,patches/android-7.1.2_r5/platform/system/vold/0001-Require-quotes-when-searching-for-blkid-keys-.bulletin.patch,patches/android-8.0.0_r1/platform/external/e2fsprogs/0001-Ignore-quotes-in-safe_print-.bulletin.patch,patches/android-8.0.0_r1/platform/system/vold/0001-Merge-commit-635193ab36302e5f65e99c7df2f256cfd37068c7-into.bulletin.patch,patches/android-8.1.0_r1/platform/external/e2fsprogs/0001-Ignore-quotes-in-safe_print-.bulletin.patch,patches/android-8.1.0_r1/platform/system/vold/0001-Merge-commit-635193ab36302e5f65e99c7df2f256cfd37068c7-into.bulletin.patch",N/A,N/A,"In readMetadata of Utils.cpp, there is a possible path traversal bug due to a confused deputy. This could lead to local escalation of privilege when mounting a USB device with no additional execution privileges needed. User interaction is not needed for exploitation.",The fix is designed to correctly escape quote characters in safe_print and require quote characters when searching for blkid keys.,N/A,N/A,N/A,N/A
